/* --------------------------------------------------------------------------------------------------------------------
   ++++++++++++++++++++++++++++++++++++++++++++++++++++++++++++++++++++++++++++++++++++++++++++++++++++++++++++++++++++
   +++++++++++++++++++++++++++++++++++++++++++++++++++++MOVIES+++++++++++++++++++++++++++++++++++++++++++++++++++++++++
   ++++++++++++++++++++++++++++++++++++++++++++++++++++++++++++++++++++++++++++++++++++++++++++++++++++++++++++++++++++
   -------------------------------------------------------------------------------------------------------------------- */


INSERT INTO Movies
Values ('The Girl With The Dragon Tattoo', 2011, 'David Flincher', 'USA', 7.9, 'Crime', 102515739, 'Scott Rudin');

INSERT INTO Movies
Values ('Casino Royale', 2006, 'Martin Campbell', 'UK', 7.9, 'Action', 594239066, 'Michael G. Wilson');

INSERT INTO Movies
Values ('Black Swan', 2010, 'Darren Aronofsky', 'USA', 8.1, 'Psychologic Thriller/Horror', 106952327, 'Scott Franklin');

INSERT INTO Movies
Values ('The Kings Speech', 2010, 'Tom Hooper', 'UK', 8.2, 'Historical Drama', 373700000, 'Iain Canning');

INSERT INTO Movies
Values ('Inception', 2010, 'Christopher Nolan', 'USA', 8.8, 'Thriller', 825532764, 'Christopher Nolan');

INSERT INTO Movies
Values ('Titanic', 1997, 'James Cameron', 'USA', 7.6, 'Romance', 2185372302, 'James Cameron');

/* --------------------------------------------------------------------------------------------------------------------
   ++++++++++++++++++++++++++++++++++++++++++++++++++++++++++++++++++++++++++++++++++++++++++++++++++++++++++++++++++++
   +++++++++++++++++++++++++++++++++++++++++++++++++++++ACTORS+++++++++++++++++++++++++++++++++++++++++++++++++++++++++
   ++++++++++++++++++++++++++++++++++++++++++++++++++++++++++++++++++++++++++++++++++++++++++++++++++++++++++++++++++++
   -------------------------------------------------------------------------------------------------------------------- */


INSERT INTO Awards
Values ('Titanic', 1997, 'Oscar, Director', 'won');

INSERT INTO Awards
Values ('Titanic', 1997, 'Oscar, Dramatic Score', 'won');

INSERT INTO Awards
Values ('Titanic', 1997, 'Oscar, Best Picture', 'won');

INSERT INTO Awards
Values ('Titanic', 1997, 'Oscar, Best Sound', 'won');

INSERT INTO Awards
Values ('Titanic', 1997, 'Oscar, Best Actress', 'nominated');

INSERT INTO Awards
Values ('Black Swan', 2010, 'Oscar, Best Actress', 'won');

INSERT INTO Awards
Values ('Black Swan', 2010, 'Oscar, Best Picture', 'nominated');

INSERT INTO Awards
Values ('Black Swan', 2010, 'Oscar, Best Directing', 'nominated');

INSERT INTO Awards
Values ('Inception', 2010, 'Oscar, Best Cinematography', 'won');

INSERT INTO Awards
Values ('Inception', 2010, 'Oscar, Best Visual Effects', 'won');

INSERT INTO Awards
Values ('Inception', 2010, 'Oscar, Best Picture', 'nominated');

INSERT INTO Awards
Values ('The Kings Speech', 2010, 'Oscar, Best Picture', 'won');

INSERT INTO Awards
Values ('The Kings Speech', 2010, 'Oscar, Best Actor', 'won');

INSERT INTO Awards
Values ('The Kings Speech', 2010, 'Oscar, Best Cinematography', 'nominated');

INSERT INTO Awards
Values ('Casino Royale', 2006, 'Bafta, Best Sound', 'won');

INSERT INTO Awards
Values ('Casino Royale', 2006, 'Bafta, Best Actor', 'nominated');

INSERT INTO Awards
Values ('The Girl With The Dragon Tattoo', 2011, 'Oscar, Best Film Editing', 'won');

INSERT INTO Awards
Values ('The Girl With The Dragon Tattoo', 2011, 'Oscar, Best Actress', 'nominated');

/* --------------------------------------------------------------------------------------------------------------------
   ++++++++++++++++++++++++++++++++++++++++++++++++++++++++++++++++++++++++++++++++++++++++++++++++++++++++++++++++++++
   +++++++++++++++++++++++++++++++++++++++++++++++++++++AWARDS+++++++++++++++++++++++++++++++++++++++++++++++++++++++++
   ++++++++++++++++++++++++++++++++++++++++++++++++++++++++++++++++++++++++++++++++++++++++++++++++++++++++++++++++++++
   -------------------------------------------------------------------------------------------------------------------- */

INSERT INTO Actors
Values ('The Girl With The Dragon Tattoo', 2011, 'Mikael Blomkvist', 'Daniel Craig');

INSERT INTO Actors
Values ('The Girl With The Dragon Tattoo', 2011, 'Lisbeth Salander', 'Rooney Mara');

INSERT INTO Actors
Values ('Casino Royale', 2006, 'James Bond', 'Daniel Craig');

INSERT INTO Actors
Values ('Casino Royale', 2006, 'Vesper Lynd', 'Eva Green');

INSERT INTO Actors
Values ('The Kings Speech', 2010, 'King George VI', 'Colin Firth');

INSERT INTO Actors
Values ('The Kings Speech', 2010, 'Lionel Logue', 'Geoffrey Rush');

INSERT INTO Actors
Values ('Inception', 2010, 'Cobb', 'Leonardo DiCaprio');

INSERT INTO Actors
Values ('Inception', 2010, 'Ariadne', 'Ellen Page');

INSERT INTO Actors
Values ('Black Swan', 2010, 'Nina Sayers', 'Natalie Portman');

INSERT INTO Actors
Values ('Black Swan', 2010, 'Lily', 'Mila Kunis');

INSERT INTO Actors
Values ('Titanic', 1997, 'Jack Dawson', 'Leonardo DiCaprio');

INSERT INTO Actors
Values ('Titanic', 1997, 'Rose DeWitt Bukater', 'Kate Winslet');
